filename,width,height,class,xmin,ymin,xmax,ymax
d4-1 (1).jpg,576,768,d4-1,236,319,401,468
d4-1 (10).jpg,576,768,d4-1,207,301,427,532
d4-1 (11).jpg,576,768,d4-1,189,261,392,465
d4-1 (12).jpg,576,768,d4-1,180,315,396,508
d4-1 (13).jpg,576,768,d4-1,272,209,427,391
d4-1 (15).jpg,576,768,d4-1,216,340,414,552
d4-1 (16).jpg,576,768,d4-1,188,344,387,531
d4-1 (17).jpg,576,768,d4-1,134,383,325,587
d4-1 (18).jpg,576,768,d4-1,266,317,442,500
d4-1 (19).jpg,576,768,d4-1,162,331,355,521
d4-1 (20).jpg,576,768,d4-1,185,309,388,513
d4-1 (21).jpg,576,768,d4-1,152,225,310,405
d4-1 (22).jpg,576,768,d4-1,232,274,389,440
d4-1 (23).jpg,576,768,d4-1,149,333,331,483
d4-1 (24).jpg,576,768,d4-1,193,334,353,505
d4-1 (25).jpg,1024,768,d4-1,362,194,591,444
d4-1 (26).jpg,1024,768,d4-1,464,339,725,567
d4-1 (27).jpg,576,768,d4-1,162,304,331,486
d4-1 (28).jpg,576,768,d4-1,236,304,395,475
d4-1 (29).jpg,576,768,d4-1,213,277,365,447
d4-1 (3).jpg,576,768,d4-1,219,433,418,635
d4-1 (30).jpg,576,768,d4-1,160,261,318,423
d4-1 (31).jpg,576,768,d4-1,104,315,281,491
d4-1 (32).jpg,576,768,d4-1,241,276,414,466
d4-1 (33).jpg,576,768,d4-1,240,328,453,532
d4-1 (34).jpg,576,768,d4-1,159,329,378,546
d4-1 (35).jpg,576,768,d4-1,148,317,340,521
d4-1 (36).jpg,576,768,d4-1,230,298,401,466
d4-1 (37).jpg,576,768,d4-1,147,335,353,504
d4-1 (38).jpg,576,768,d4-1,195,305,401,522
d4-1 (39).jpg,576,768,d4-1,256,242,432,449
d4-1 (4).jpg,576,768,d4-1,196,296,405,535
d4-1 (40).jpg,576,768,d4-1,207,361,395,541
d4-1 (41).jpg,576,768,d4-1,160,300,353,517
d4-1 (42).jpg,576,768,d4-1,228,346,399,538
d4-1 (43).jpg,576,768,d4-1,165,333,353,537
d4-1 (44).jpg,576,768,d4-1,138,286,335,492
d4-1 (45).jpg,576,768,d4-1,170,271,342,477
d4-1 (46).jpg,576,768,d4-1,192,293,373,463
d4-1 (47).jpg,576,768,d4-1,205,344,401,534
d4-1 (48).jpg,576,768,d4-1,198,299,379,506
d4-1 (49).jpg,576,768,d4-1,198,338,367,535
d4-1 (5).jpg,576,768,d4-1,162,335,357,533
d4-1 (50).jpg,576,768,d4-1,180,305,345,508
d4-1 (51).jpg,576,768,d4-1,219,293,406,459
d4-1 (52).jpg,576,768,d4-1,253,352,386,492
d4-1 (53).jpg,576,768,d4-1,197,304,384,483
d4-1 (54).jpg,576,768,d4-1,202,241,348,400
d4-1 (55).jpg,576,768,d4-1,197,272,362,421
d4-1 (57).jpg,576,768,d4-1,244,357,392,502
d4-1 (58).jpg,576,768,d4-1,206,339,367,500
d4-1 (59).jpg,576,768,d4-1,192,314,374,454
d4-1 (6).jpg,576,768,d4-1,224,345,449,588
d4-1 (60).jpg,576,768,d4-1,206,291,366,465
d4-1 (61).jpg,576,768,d4-1,226,305,409,453
d4-1 (62).jpg,576,768,d4-1,176,305,342,472
d4-1 (63).jpg,576,768,d4-1,231,322,401,455
d4-1 (64).jpg,576,768,d4-1,254,294,414,452
d4-1 (65).jpg,576,768,d4-1,217,364,379,532
d4-1 (66).jpg,576,768,d4-1,240,308,389,433
d4-1 (67).jpg,576,768,d4-1,134,299,281,447
d4-1 (68).jpg,1024,768,d4-1,495,274,712,492
d4-1 (69).jpg,576,768,d4-1,178,265,349,413
d4-1 (7).jpg,576,768,d4-1,175,345,399,569
d4-1 (71).jpg,576,768,d4-1,301,251,434,394
d4-1 (72).jpg,576,768,d4-1,274,300,400,437
d4-1 (73).jpg,576,768,d4-1,244,256,384,394
d4-1 (74).jpg,576,768,d4-1,218,331,353,470
d4-1 (75).jpg,576,768,d4-1,322,330,464,474
d4-1 (76).jpg,576,768,d4-1,227,376,393,544
d4-1 (77).jpg,576,768,d4-1,202,300,379,457
d4-1 (78).jpg,576,768,d4-1,161,326,336,496
d4-1 (79).jpg,576,768,d4-1,144,271,318,419
d4-1 (8).jpg,576,768,d4-1,164,320,404,549
d4-1 (80).jpg,576,768,d4-1,277,294,432,432
d4-1 (81).jpg,576,768,d4-1,332,261,459,404
d4-1 (82).jpg,576,768,d4-1,205,328,341,461
d4-1 (83).jpg,576,768,d4-1,220,348,386,516
d4-1 (84).jpg,576,768,d4-1,61,374,262,569
d4-1 (85).jpg,576,768,d4-1,113,313,284,483
d4-1 (86).jpg,576,768,d4-1,214,296,372,439
d4-1 (87).jpg,576,768,d4-1,236,382,389,531
d4-1 (88).jpg,576,768,d4-1,236,309,392,482
d4-1 (89).jpg,576,768,d4-1,270,291,422,450
d4-1 (9).jpg,576,768,d4-1,235,284,416,486
d4-1 (90).jpg,576,768,d4-1,228,292,353,429
d4-1 (91).jpg,576,768,d4-1,180,393,323,535
d4-1 (92).jpg,576,768,d4-1,176,282,373,440
d4-1 (93).jpg,576,768,d4-1,157,330,301,475
d4-1 (94).jpg,576,768,d4-1,210,352,361,491
d4-1 (95).jpg,576,768,d4-1,224,322,362,475
d4-2 (1).jpg,576,768,d4-2,234,324,382,452
d4-2 (10).jpg,576,768,d4-2,240,365,381,513
d4-2 (100).jpg,1024,768,d4-2,332,283,562,544
d4-2 (101).jpg,1024,768,d4-2,456,282,631,463
d4-2 (102).jpg,1024,768,d4-2,434,340,621,513
d4-2 (103).jpg,1024,768,d4-2,402,264,592,447
d4-2 (104).jpg,1024,768,d4-2,399,278,621,528
d4-2 (11).jpg,576,768,d4-2,133,303,336,474
d4-2 (12).jpg,576,768,d4-2,204,326,360,499
d4-2 (13).jpg,576,768,d4-2,244,348,408,487
d4-2 (14).jpg,576,768,d4-2,314,291,454,422
d4-2 (15).jpg,576,768,d4-2,201,316,389,521
d4-2 (16).jpg,576,768,d4-2,227,365,414,531
d4-2 (17).jpg,576,768,d4-2,167,336,346,504
d4-2 (18).jpg,576,768,d4-2,193,257,363,431
d4-2 (2).jpg,576,768,d4-2,257,243,413,428
d4-2 (20).jpg,576,768,d4-2,236,267,401,421
d4-2 (21).jpg,576,768,d4-2,322,302,456,432
d4-2 (22).jpg,576,768,d4-2,162,320,355,503
d4-2 (23).jpg,576,768,d4-2,283,363,442,530
d4-2 (24).jpg,576,768,d4-2,180,322,367,493
d4-2 (25).jpg,576,768,d4-2,175,309,328,464
d4-2 (26).jpg,576,768,d4-2,270,322,426,482
d4-2 (27).jpg,576,768,d4-2,190,264,360,441
d4-2 (28).jpg,576,768,d4-2,191,284,359,452
d4-2 (29).jpg,576,768,d4-2,234,322,379,461
d4-2 (3).jpg,576,768,d4-2,252,321,378,452
d4-2 (30).jpg,1024,768,d4-2,540,288,759,466
d4-2 (31).jpg,1024,768,d4-2,351,218,636,558
d4-2 (32).jpg,1024,768,d4-2,497,332,703,577
d4-2 (33).jpg,576,768,d4-2,218,321,396,476
d4-2 (34).jpg,576,768,d4-2,203,267,360,438
d4-2 (35).jpg,576,768,d4-2,188,315,340,457
d4-2 (36).jpg,576,768,d4-2,184,298,355,439
d4-2 (37).jpg,576,768,d4-2,249,296,375,426
d4-2 (38).jpg,576,768,d4-2,251,360,384,510
d4-2 (39).jpg,576,768,d4-2,188,341,376,500
d4-2 (4).jpg,576,768,d4-2,223,317,353,420
d4-2 (40).jpg,576,768,d4-2,196,285,342,437
d4-2 (42).jpg,576,768,d4-2,210,319,351,471
d4-2 (43).jpg,576,768,d4-2,201,328,362,476
d4-2 (44).jpg,576,768,d4-2,203,390,331,511
d4-2 (45).jpg,576,768,d4-2,214,366,375,525
d4-2 (46).jpg,576,768,d4-2,180,331,388,549
d4-2 (47).jpg,576,768,d4-2,100,325,334,519
d4-2 (48).jpg,576,768,d4-2,310,290,507,502
d4-2 (49).jpg,576,768,d4-2,236,291,421,491
d4-2 (5).jpg,576,768,d4-2,156,438,281,553
d4-2 (50).jpg,576,768,d4-2,183,320,379,505
d4-2 (51).jpg,576,768,d4-2,237,317,370,473
d4-2 (52).jpg,576,768,d4-2,187,300,356,500
d4-2 (53).jpg,576,768,d4-2,193,257,383,445
d4-2 (54).jpg,576,768,d4-2,234,236,405,431
d4-2 (55).jpg,576,768,d4-2,249,317,444,546
d4-2 (56).jpg,576,768,d4-2,136,300,305,483
d4-2 (57).jpg,576,768,d4-2,257,426,407,584
d4-2 (58).jpg,576,768,d4-2,226,322,401,479
d4-2 (59).jpg,576,768,d4-2,275,329,401,448
d4-2 (6).jpg,576,768,d4-2,253,457,417,626
d4-2 (60).jpg,576,768,d4-2,194,374,390,539
d4-2 (61).jpg,576,768,d4-2,170,337,360,541
d4-2 (62).jpg,576,768,d4-2,63,317,236,509
d4-2 (63).jpg,576,768,d4-2,133,353,305,541
d4-2 (64).jpg,576,768,d4-2,158,321,322,479
d4-2 (65).jpg,576,768,d4-2,196,345,368,540
d4-2 (67).jpg,576,768,d4-2,222,346,376,488
d4-2 (68).jpg,576,768,d4-2,262,350,409,496
d4-2 (69).jpg,576,768,d4-2,211,401,370,568
d4-2 (7).jpg,576,768,d4-2,105,436,265,586
d4-2 (70).jpg,576,768,d4-2,214,313,353,470
d4-2 (71).jpg,576,768,d4-2,227,323,355,433
d4-2 (72).jpg,576,768,d4-2,223,342,350,455
d4-2 (73).jpg,576,768,d4-2,207,301,370,478
d4-2 (74).jpg,576,768,d4-2,152,241,296,381
d4-2 (75).jpg,576,768,d4-2,200,284,380,447
d4-2 (76).jpg,576,768,d4-2,216,278,375,475
d4-2 (77).jpg,576,768,d4-2,175,332,373,512
d4-2 (78).jpg,576,768,d4-2,211,296,389,502
d4-2 (79).jpg,576,768,d4-2,239,304,415,496
d4-2 (8).jpg,576,768,d4-2,101,397,272,544
d4-2 (80).jpg,576,768,d4-2,240,325,410,485
d4-2 (81).jpg,576,768,d4-2,162,318,314,483
d4-2 (82).jpg,576,768,d4-2,144,274,330,451
d4-2 (83).jpg,576,768,d4-2,214,283,374,466
d4-2 (84).jpg,576,768,d4-2,202,322,373,480
d4-2 (85).jpg,576,768,d4-2,168,191,378,396
d4-2 (86).jpg,576,768,d4-2,219,230,407,449
d4-2 (87).jpg,576,768,d4-2,148,237,321,432
d4-2 (88).jpg,576,768,d4-2,120,316,314,491
d4-2 (89).jpg,576,768,d4-2,175,278,336,473
d4-2 (9).jpg,576,768,d4-2,181,344,322,498
d4-2 (90).jpg,576,768,d4-2,266,325,434,498
d4-2 (91).jpg,576,768,d4-2,302,313,453,480
d4-2 (92).jpg,576,768,d4-2,208,369,379,573
d4-2 (93).jpg,576,768,d4-2,214,318,418,513
d4-2 (94).jpg,576,768,d4-2,136,258,324,476
d4-2 (96).jpg,576,768,d4-2,242,270,405,457
d4-2 (97).jpg,1024,768,d4-2,507,271,755,548
d4-2 (98).jpg,1024,768,d4-2,493,262,716,531
d4-2 (99).jpg,1024,768,d4-2,499,254,662,439
d4-3 (1).jpg,576,768,d4-3,229,116,362,265
d4-3 (100).jpg,576,768,d4-3,229,157,371,283
d4-3 (101).jpg,576,768,d4-3,236,155,359,287
d4-3 (102).jpg,576,768,d4-3,242,366,361,490
d4-3 (103).jpg,576,768,d4-3,221,270,342,396
d4-3 (104).jpg,576,768,d4-3,250,209,361,324
d4-3 (105).jpg,576,768,d4-3,263,322,389,434
d4-3 (106).jpg,576,768,d4-3,266,296,386,421
d4-3 (107).jpg,576,768,d4-3,223,252,352,385
d4-3 (108).jpg,576,768,d4-3,231,201,373,330
d4-3 (109).jpg,576,768,d4-3,188,173,332,339
d4-3 (11).jpg,576,768,d4-3,178,198,312,319
d4-3 (110).jpg,576,768,d4-3,159,157,305,325
d4-3 (111).jpg,576,768,d4-3,166,203,313,348
d4-3 (112).jpg,576,768,d4-3,200,149,327,296
d4-3 (113).jpg,576,768,d4-3,233,135,364,282
d4-3 (114).jpg,576,768,d4-3,210,134,345,269
d4-3 (115).jpg,576,768,d4-3,261,213,390,351
d4-3 (116).jpg,576,768,d4-3,290,248,423,378
d4-3 (117).jpg,576,768,d4-3,194,231,314,362
d4-3 (118).jpg,576,768,d4-3,180,157,318,316
d4-3 (119).jpg,576,768,d4-3,146,146,305,301
d4-3 (12).jpg,576,768,d4-3,217,262,361,397
d4-3 (120).jpg,576,768,d4-3,162,161,295,296
d4-3 (121).jpg,576,768,d4-3,205,240,331,379
d4-3 (122).jpg,576,768,d4-3,184,249,305,384
d4-3 (123).jpg,576,768,d4-3,237,261,364,405
d4-3 (124).jpg,576,768,d4-3,231,190,370,317
d4-3 (125).jpg,576,768,d4-3,275,265,391,388
d4-3 (126).jpg,576,768,d4-3,267,257,395,388
d4-3 (127).jpg,576,768,d4-3,231,136,374,291
d4-3 (128).jpg,576,768,d4-3,219,178,351,322
d4-3 (129).jpg,576,768,d4-3,204,127,336,264
d4-3 (13).jpg,576,768,d4-3,214,173,337,309
d4-3 (130).jpg,576,768,d4-3,205,221,333,369
d4-3 (131).jpg,576,768,d4-3,245,214,385,369
d4-3 (132).jpg,576,768,d4-3,236,202,368,355
d4-3 (133).jpg,576,768,d4-3,185,244,328,364
d4-3 (134).jpg,576,768,d4-3,231,286,349,411
d4-3 (135).jpg,576,768,d4-3,197,172,369,339
d4-3 (136).jpg,576,768,d4-3,212,220,369,363
d4-3 (137).jpg,576,768,d4-3,249,262,403,392
d4-3 (138).jpg,576,768,d4-3,332,191,499,391
d4-3 (139).jpg,576,768,d4-3,333,224,495,418
d4-3 (14).jpg,576,768,d4-3,223,186,337,307
d4-3 (140).jpg,576,768,d4-3,316,237,492,422
d4-3 (141).jpg,576,768,d4-3,292,267,477,442
d4-3 (142).jpg,576,768,d4-3,259,261,446,427
d4-3 (143).jpg,576,768,d4-3,204,283,390,464
d4-3 (144).jpg,576,768,d4-3,199,288,362,479
d4-3 (145).jpg,576,768,d4-3,185,280,349,472
d4-3 (146).jpg,576,768,d4-3,234,279,396,462
d4-3 (147).jpg,576,768,d4-3,184,296,368,467
d4-3 (148).jpg,576,768,d4-3,179,265,346,439
d4-3 (149).jpg,576,768,d4-3,162,281,316,465
d4-3 (15).jpg,576,768,d4-3,228,156,338,278
d4-3 (150).jpg,576,768,d4-3,162,272,323,458
d4-3 (151).jpg,576,768,d4-3,177,271,342,461
d4-3 (152).jpg,576,768,d4-3,182,292,348,482
d4-3 (153).jpg,576,768,d4-3,162,284,327,464
d4-3 (154).jpg,576,768,d4-3,148,270,327,444
d4-3 (155).jpg,576,768,d4-3,132,287,314,448
d4-3 (156).jpg,576,768,d4-3,166,270,336,459
d4-3 (157).jpg,576,768,d4-3,193,203,362,397
d4-3 (158).jpg,576,768,d4-3,152,226,323,434
d4-3 (159).jpg,576,768,d4-3,143,216,318,422
d4-3 (16).jpg,576,768,d4-3,166,179,283,309
d4-3 (160).jpg,576,768,d4-3,140,197,310,400
d4-3 (161).jpg,576,768,d4-3,136,224,313,435
d4-3 (162).jpg,576,768,d4-3,128,258,308,434
d4-3 (163).jpg,576,768,d4-3,210,290,379,444
d4-3 (164).jpg,576,768,d4-3,238,308,403,483
d4-3 (165).jpg,576,768,d4-3,232,315,397,498
d4-3 (166).jpg,576,768,d4-3,224,352,415,527
d4-3 (167).jpg,576,768,d4-3,284,346,450,515
d4-3 (168).jpg,576,768,d4-3,227,370,399,561
d4-3 (169).jpg,576,768,d4-3,172,328,360,484
d4-3 (17).jpg,576,768,d4-3,135,310,303,490
d4-3 (170).jpg,576,768,d4-3,207,340,386,531
d4-3 (171).jpg,576,768,d4-3,166,286,359,459
d4-3 (172).jpg,576,768,d4-3,215,322,375,454
d4-3 (173).jpg,576,768,d4-3,215,346,381,491
d4-3 (174).jpg,576,768,d4-3,227,361,375,522
d4-3 (175).jpg,576,768,d4-3,231,362,390,544
d4-3 (176).jpg,576,768,d4-3,178,342,330,518
d4-3 (177).jpg,576,768,d4-3,267,336,439,486
d4-3 (178).jpg,576,768,d4-3,280,334,437,497
d4-3 (179).jpg,576,768,d4-3,247,267,397,428
d4-3 (18).jpg,576,768,d4-3,216,320,350,471
d4-3 (180).jpg,576,768,d4-3,277,302,420,462
d4-3 (181).jpg,576,768,d4-3,230,303,369,457
d4-3 (182).jpg,576,768,d4-3,182,308,325,461
d4-3 (183).jpg,576,768,d4-3,227,306,366,442
d4-3 (184).jpg,576,768,d4-3,183,335,327,495
d4-3 (185).jpg,576,768,d4-3,207,348,360,481
d4-3 (186).jpg,576,768,d4-3,195,300,344,432
d4-3 (187).jpg,576,768,d4-3,200,301,328,438
d4-3 (188).jpg,576,768,d4-3,190,313,324,452
d4-3 (19).jpg,576,768,d4-3,216,334,362,481
d4-3 (190).jpg,576,768,d4-3,114,242,280,402
d4-3 (191).jpg,576,768,d4-3,184,231,338,412
d4-3 (192).jpg,576,768,d4-3,175,250,333,433
d4-3 (193).jpg,576,768,d4-3,132,241,295,423
d4-3 (194).jpg,576,768,d4-3,169,232,340,400
d4-3 (195).jpg,576,768,d4-3,216,222,381,381
d4-3 (196).jpg,576,768,d4-3,263,221,411,395
d4-3 (197).jpg,576,768,d4-3,179,231,337,405
d4-3 (198).jpg,576,768,d4-3,158,230,316,406
d4-3 (199).jpg,576,768,d4-3,200,269,358,435
d4-3 (2).jpg,576,768,d4-3,212,147,340,288
d4-3 (20).jpg,576,768,d4-3,233,239,386,370
d4-3 (200).jpg,576,768,d4-3,202,286,354,426
d4-3 (201).jpg,576,768,d4-3,157,200,314,364
d4-3 (202).jpg,576,768,d4-3,212,193,372,354
d4-3 (203).jpg,576,768,d4-3,175,200,323,374
d4-3 (204).jpg,576,768,d4-3,94,224,254,401
d4-3 (205).jpg,576,768,d4-3,106,218,253,383
d4-3 (206).jpg,576,768,d4-3,179,254,347,409
d4-3 (207).jpg,576,768,d4-3,232,234,384,395
d4-3 (208).jpg,576,768,d4-3,145,232,310,414
d4-3 (209).jpg,576,768,d4-3,202,300,387,461
d4-3 (21).jpg,576,768,d4-3,271,290,403,412
d4-3 (210).jpg,576,768,d4-3,231,286,393,441
d4-3 (211).jpg,576,768,d4-3,220,264,370,424
d4-3 (212).jpg,576,768,d4-3,176,278,327,434
d4-3 (213).jpg,576,768,d4-3,201,319,376,458
d4-3 (214).jpg,576,768,d4-3,208,292,356,448
d4-3 (215).jpg,576,768,d4-3,180,218,337,391
d4-3 (216).jpg,576,768,d4-3,190,215,357,371
d4-3 (217).jpg,576,768,d4-3,216,244,370,411
d4-3 (218).jpg,576,768,d4-3,172,272,340,454
d4-3 (219).jpg,576,768,d4-3,178,245,339,431
d4-3 (22).jpg,576,768,d4-3,246,235,361,352
d4-3 (220).jpg,576,768,d4-3,186,257,371,416
d4-3 (221).jpg,576,768,d4-3,208,231,371,381
d4-3 (222).jpg,576,768,d4-3,216,252,361,417
d4-3 (223).jpg,576,768,d4-3,201,261,353,433
d4-3 (224).jpg,576,768,d4-3,184,278,344,446
d4-3 (225).jpg,576,768,d4-3,181,292,340,446
d4-3 (226).jpg,576,768,d4-3,179,239,348,390
d4-3 (227).jpg,576,768,d4-3,203,258,354,426
d4-3 (228).jpg,576,768,d4-3,215,281,359,442
d4-3 (229).jpg,576,768,d4-3,177,280,335,450
d4-3 (23).jpg,576,768,d4-3,279,200,385,325
d4-3 (230).jpg,576,768,d4-3,163,317,320,485
d4-3 (231).jpg,576,768,d4-3,134,240,291,421
d4-3 (232).jpg,576,768,d4-3,172,252,322,422
d4-3 (233).jpg,576,768,d4-3,191,296,344,451
d4-3 (234).jpg,576,768,d4-3,227,315,390,472
d4-3 (235).jpg,576,768,d4-3,213,296,377,434
d4-3 (236).jpg,576,768,d4-3,249,284,398,426
d4-3 (237).jpg,576,768,d4-3,229,305,362,444
d4-3 (238).jpg,576,768,d4-3,236,303,364,447
d4-3 (239).jpg,576,768,d4-3,231,316,361,455
d4-3 (24).jpg,576,768,d4-3,156,301,298,461
d4-3 (240).jpg,576,768,d4-3,220,343,353,485
d4-3 (241).jpg,576,768,d4-3,227,318,361,461
d4-3 (242).jpg,576,768,d4-3,214,238,347,386
d4-3 (243).jpg,576,768,d4-3,182,219,311,353
d4-3 (244).jpg,576,768,d4-3,189,241,327,359
d4-3 (245).jpg,576,768,d4-3,211,243,353,376
d4-3 (246).jpg,576,768,d4-3,242,179,364,320
d4-3 (247).jpg,576,768,d4-3,245,178,377,323
d4-3 (248).jpg,576,768,d4-3,227,171,353,311
d4-3 (249).jpg,576,768,d4-3,221,259,340,380
d4-3 (251).jpg,576,768,d4-3,249,263,383,378
d4-3 (252).jpg,576,768,d4-3,243,313,373,447
d4-3 (253).jpg,576,768,d4-3,188,316,320,444
d4-3 (254).jpg,576,768,d4-3,186,310,314,442
d4-3 (255).jpg,576,768,d4-3,211,232,362,408
d4-3 (256).jpg,576,768,d4-3,187,213,342,380
d4-3 (257).jpg,576,768,d4-3,291,200,443,352
d4-3 (258).jpg,576,768,d4-3,196,243,350,412
d4-3 (259).jpg,576,768,d4-3,199,107,337,252
d4-3 (26).jpg,576,768,d4-3,244,226,378,366
d4-3 (260).jpg,576,768,d4-3,209,230,362,391
d4-3 (261).jpg,576,768,d4-3,243,248,405,415
d4-3 (262).jpg,576,768,d4-3,272,274,414,429
d4-3 (263).jpg,576,768,d4-3,224,261,376,395
d4-3 (264).jpg,576,768,d4-3,208,304,370,462
d4-3 (265).jpg,576,768,d4-3,216,328,375,498
d4-3 (266).jpg,576,768,d4-3,200,316,366,489
d4-3 (267).jpg,576,768,d4-3,220,254,361,416
d4-3 (268).jpg,576,768,d4-3,223,271,366,418
d4-3 (269).jpg,576,768,d4-3,188,307,346,454
d4-3 (27).jpg,576,768,d4-3,292,169,416,306
d4-3 (270).jpg,576,768,d4-3,197,250,361,396
d4-3 (271).jpg,576,768,d4-3,212,262,371,418
d4-3 (272).jpg,576,768,d4-3,210,285,357,448
d4-3 (273).jpg,576,768,d4-3,175,254,311,405
d4-3 (274).jpg,576,768,d4-3,205,251,362,419
d4-3 (275).jpg,576,768,d4-3,250,235,409,406
d4-3 (276).jpg,576,768,d4-3,241,222,382,382
d4-3 (277).jpg,576,768,d4-3,270,270,414,429
d4-3 (278).jpg,576,768,d4-3,254,248,403,400
d4-3 (279).jpg,576,768,d4-3,218,228,384,390
d4-3 (28).jpg,576,768,d4-3,270,158,393,299
d4-3 (280).jpg,576,768,d4-3,195,273,366,417
d4-3 (281).jpg,576,768,d4-3,166,304,340,447
d4-3 (282).jpg,576,768,d4-3,184,325,355,478
d4-3 (284).jpg,576,768,d4-3,237,239,377,404
d4-3 (285).jpg,576,768,d4-3,213,196,351,348
d4-3 (286).jpg,576,768,d4-3,186,193,336,358
d4-3 (287).jpg,576,768,d4-3,292,165,444,342
d4-3 (288).jpg,576,768,d4-3,278,241,421,404
d4-3 (289).jpg,576,768,d4-3,305,266,446,425
d4-3 (29).jpg,576,768,d4-3,179,305,343,452
d4-3 (290).jpg,576,768,d4-3,315,273,462,423
d4-3 (291).jpg,576,768,d4-3,246,309,413,470
d4-3 (292).jpg,576,768,d4-3,231,215,414,379
d4-3 (293).jpg,576,768,d4-3,243,261,417,423
d4-3 (294).jpg,576,768,d4-3,204,254,371,425
d4-3 (295).jpg,576,768,d4-3,271,256,431,443
d4-3 (296).jpg,576,768,d4-3,266,236,426,416
d4-3 (297).jpg,576,768,d4-3,274,248,436,431
d4-3 (298).jpg,576,768,d4-3,237,252,397,432
d4-3 (299).jpg,576,768,d4-3,219,191,364,368
d4-3 (3).jpg,576,768,d4-3,198,164,318,300
d4-3 (30).jpg,576,768,d4-3,224,226,349,352
d4-3 (300).jpg,576,768,d4-3,188,175,344,348
d4-3 (301).jpg,576,768,d4-3,163,183,337,348
d4-3 (302).jpg,576,768,d4-3,197,182,367,342
d4-3 (303).jpg,576,768,d4-3,208,187,352,350
d4-3 (304).jpg,576,768,d4-3,222,194,362,359
d4-3 (305).jpg,576,768,d4-3,147,218,291,374
d4-3 (306).jpg,576,768,d4-3,181,243,336,404
d4-3 (308).jpg,576,768,d4-3,265,274,405,419
d4-3 (309).jpg,576,768,d4-3,264,265,416,405
d4-3 (31).jpg,576,768,d4-3,253,229,367,360
d4-3 (310).jpg,576,768,d4-3,245,302,397,446
d4-3 (311).jpg,576,768,d4-3,247,296,388,456
d4-3 (312).jpg,576,768,d4-3,217,259,359,418
d4-3 (313).jpg,576,768,d4-3,149,212,312,365
d4-3 (314).jpg,576,768,d4-3,201,246,359,387
d4-3 (315).jpg,576,768,d4-3,153,270,302,430
d4-3 (316).jpg,576,768,d4-3,184,244,327,405
d4-3 (317).jpg,576,768,d4-3,192,205,331,364
d4-3 (318).jpg,576,768,d4-3,197,243,343,407
d4-3 (319).jpg,576,768,d4-3,252,277,399,443
d4-3 (32).jpg,576,768,d4-3,225,226,341,357
d4-3 (320).jpg,576,768,d4-3,251,278,408,439
d4-3 (321).jpg,576,768,d4-3,231,302,406,458
d4-3 (322).jpg,576,768,d4-3,205,268,379,428
d4-3 (323).jpg,576,768,d4-3,175,238,330,409
d4-3 (324).jpg,576,768,d4-3,223,288,379,459
d4-3 (325).jpg,576,768,d4-3,214,326,379,507
d4-3 (326).jpg,576,768,d4-3,188,244,377,452
d4-3 (327).jpg,576,768,d4-3,194,283,372,477
d4-3 (328).jpg,576,768,d4-3,214,296,388,487
d4-3 (329).jpg,576,768,d4-3,212,315,395,491
d4-3 (33).jpg,576,768,d4-3,241,255,368,391
d4-3 (330).jpg,576,768,d4-3,210,262,392,430
d4-3 (331).jpg,576,768,d4-3,170,241,348,394
d4-3 (332).jpg,576,768,d4-3,159,287,318,444
d4-3 (333).jpg,576,768,d4-3,168,328,329,500
d4-3 (334).jpg,576,768,d4-3,195,309,358,491
d4-3 (335).jpg,576,768,d4-3,190,297,358,486
d4-3 (336).jpg,576,768,d4-3,170,299,336,486
d4-3 (337).jpg,576,768,d4-3,162,257,318,438
d4-3 (338).jpg,576,768,d4-3,181,259,351,432
d4-3 (339).jpg,576,768,d4-3,197,219,368,374
d4-3 (34).jpg,576,768,d4-3,203,278,346,426
d4-3 (340).jpg,576,768,d4-3,184,224,349,369
d4-3 (341).jpg,576,768,d4-3,174,245,340,415
d4-3 (342).jpg,576,768,d4-3,186,231,340,419
d4-3 (343).jpg,576,768,d4-3,231,205,373,373
d4-3 (344).jpg,576,768,d4-3,174,178,323,345
d4-3 (345).jpg,576,768,d4-3,188,290,340,445
d4-3 (346).jpg,576,768,d4-3,202,287,345,438
d4-3 (347).jpg,576,768,d4-3,147,334,314,469
d4-3 (348).jpg,576,768,d4-3,144,346,315,498
d4-3 (349).jpg,576,768,d4-3,166,285,314,450
d4-3 (35).jpg,576,768,d4-3,243,264,384,413
d4-3 (350).jpg,576,768,d4-3,210,290,373,466
d4-3 (351).jpg,576,768,d4-3,225,333,397,504
d4-3 (352).jpg,576,768,d4-3,210,270,371,437
d4-3 (353).jpg,576,768,d4-3,127,264,310,422
d4-3 (354).jpg,576,768,d4-3,188,288,367,454
d4-3 (355).jpg,576,768,d4-3,160,361,336,544
d4-3 (356).jpg,576,768,d4-3,142,339,331,531
d4-3 (357).jpg,576,768,d4-3,137,247,306,433
d4-3 (358).jpg,576,768,d4-3,144,186,281,347
d4-3 (359).jpg,576,768,d4-3,152,222,287,376
d4-3 (36).jpg,576,768,d4-3,227,168,360,315
d4-3 (360).jpg,576,768,d4-3,208,218,345,365
d4-3 (361).jpg,576,768,d4-3,209,284,363,410
d4-3 (362).jpg,576,768,d4-3,242,253,380,392
d4-3 (363).jpg,576,768,d4-3,201,205,353,382
d4-3 (364).jpg,576,768,d4-3,236,173,379,343
d4-3 (365).jpg,576,768,d4-3,253,173,405,348
d4-3 (366).jpg,576,768,d4-3,202,259,347,418
d4-3 (367).jpg,576,768,d4-3,237,268,374,426
d4-3 (368).jpg,576,768,d4-3,230,237,376,403
d4-3 (369).jpg,576,768,d4-3,222,258,353,418
d4-3 (37).jpg,576,768,d4-3,250,170,368,309
d4-3 (370).jpg,576,768,d4-3,257,271,391,415
d4-3 (371).jpg,576,768,d4-3,192,199,313,336
d4-3 (372).jpg,576,768,d4-3,212,178,336,316
d4-3 (373).jpg,576,768,d4-3,193,165,320,286
d4-3 (374).jpg,576,768,d4-3,253,152,371,281
d4-3 (375).jpg,576,768,d4-3,227,122,347,254
d4-3 (376).jpg,576,768,d4-3,195,188,311,318
d4-3 (377).jpg,576,768,d4-3,192,186,317,326
d4-3 (378).jpg,576,768,d4-3,192,182,321,322
d4-3 (379).jpg,576,768,d4-3,178,191,309,326
d4-3 (38).jpg,576,768,d4-3,185,217,316,366
d4-3 (380).jpg,576,768,d4-3,200,174,326,290
d4-3 (381).jpg,576,768,d4-3,170,168,300,287
d4-3 (382).jpg,576,768,d4-3,200,188,327,335
d4-3 (383).jpg,576,768,d4-3,201,218,331,364
d4-3 (384).jpg,576,768,d4-3,188,255,314,395
d4-3 (385).jpg,576,768,d4-3,197,248,325,387
d4-3 (387).jpg,576,768,d4-3,112,257,261,384
d4-3 (388).jpg,576,768,d4-3,174,288,303,435
d4-3 (389).jpg,576,768,d4-3,201,274,328,413
d4-3 (39).jpg,576,768,d4-3,199,178,331,326
d4-3 (390).jpg,576,768,d4-3,201,278,314,414
d4-3 (391).jpg,576,768,d4-3,218,259,338,370
d4-3 (392).jpg,576,768,d4-3,189,182,304,300
d4-3 (393).jpg,576,768,d4-3,204,247,320,366
d4-3 (394).jpg,576,768,d4-3,172,254,286,374
d4-3 (395).jpg,576,768,d4-3,137,206,257,318
d4-3 (396).jpg,576,768,d4-3,159,170,262,279
d4-3 (397).jpg,576,768,d4-3,205,278,319,406
d4-3 (398).jpg,576,768,d4-3,161,276,275,400
d4-3 (399).jpg,576,768,d4-3,205,284,343,401
d4-3 (4).jpg,576,768,d4-3,162,226,293,359
d4-3 (40).jpg,576,768,d4-3,222,207,348,348
d4-3 (400).jpg,576,768,d4-3,244,305,390,453
d4-3 (401).jpg,576,768,d4-3,243,289,383,438
d4-3 (402).jpg,576,768,d4-3,228,291,379,422
d4-3 (403).jpg,576,768,d4-3,209,314,365,463
d4-3 (404).jpg,576,768,d4-3,229,249,362,399
d4-3 (405).jpg,576,768,d4-3,270,276,408,428
d4-3 (406).jpg,576,768,d4-3,231,205,360,359
d4-3 (407).jpg,576,768,d4-3,269,152,389,287
d4-3 (408).jpg,576,768,d4-3,137,208,283,335
d4-3 (409).jpg,576,768,d4-3,191,178,313,311
d4-3 (41).jpg,576,768,d4-3,184,187,314,331
d4-3 (410).jpg,576,768,d4-3,201,247,335,393
d4-3 (411).jpg,576,768,d4-3,249,275,388,422
d4-3 (412).jpg,576,768,d4-3,209,223,340,365
d4-3 (413).jpg,576,768,d4-3,247,196,386,312
d4-3 (414).jpg,576,768,d4-3,242,246,362,377
d4-3 (415).jpg,576,768,d4-3,250,183,372,331
d4-3 (416).jpg,576,768,d4-3,219,138,359,300
d4-3 (417).jpg,576,768,d4-3,216,118,348,260
d4-3 (418).jpg,576,768,d4-3,210,174,337,312
d4-3 (419).jpg,576,768,d4-3,225,245,357,364
d4-3 (42).jpg,576,768,d4-3,176,250,326,387
d4-3 (420).jpg,576,768,d4-3,252,253,397,391
d4-3 (421).jpg,576,768,d4-3,209,283,360,413
d4-3 (422).jpg,576,768,d4-3,236,257,373,404
d4-3 (423).jpg,576,768,d4-3,225,229,366,389
d4-3 (424).jpg,576,768,d4-3,188,206,323,361
d4-3 (425).jpg,576,768,d4-3,125,225,251,364
d4-3 (426).jpg,576,768,d4-3,210,234,336,359
d4-3 (427).jpg,576,768,d4-3,198,180,311,300
d4-3 (428).jpg,576,768,d4-3,222,202,331,325
d4-3 (429).jpg,576,768,d4-3,205,157,340,310
d4-3 (43).jpg,576,768,d4-3,293,293,435,446
d4-3 (430).jpg,576,768,d4-3,186,187,312,334
d4-3 (431).jpg,576,768,d4-3,193,197,327,339
d4-3 (432).jpg,576,768,d4-3,268,158,391,299
d4-3 (433).jpg,576,768,d4-3,243,135,380,284
d4-3 (434).jpg,576,768,d4-3,182,191,316,313
d4-3 (435).jpg,576,768,d4-3,231,176,349,314
d4-3 (436).jpg,576,768,d4-3,216,205,343,348
d4-3 (437).jpg,576,768,d4-3,211,253,324,376
d4-3 (438).jpg,576,768,d4-3,190,156,318,314
d4-3 (439).jpg,576,768,d4-3,192,200,336,332
d4-3 (44).jpg,576,768,d4-3,219,278,362,438
d4-3 (440).jpg,576,768,d4-3,270,120,396,271
d4-3 (441).jpg,576,768,d4-3,208,173,331,309
d4-3 (442).jpg,576,768,d4-3,227,231,345,357
d4-3 (45).jpg,576,768,d4-3,228,190,344,322
d4-3 (46).jpg,576,768,d4-3,226,218,339,342
d4-3 (47).jpg,576,768,d4-3,297,208,418,322
d4-3 (48).jpg,576,768,d4-3,251,96,363,225
d4-3 (49).jpg,576,768,d4-3,245,67,353,192
d4-3 (5).jpg,576,768,d4-3,156,200,300,321
d4-3 (50).jpg,576,768,d4-3,275,85,387,215
d4-3 (51).jpg,576,768,d4-3,209,282,364,428
d4-3 (52).jpg,576,768,d4-3,252,234,405,382
d4-3 (53).jpg,576,768,d4-3,232,191,360,339
d4-3 (54).jpg,576,768,d4-3,266,163,380,296
d4-3 (55).jpg,576,768,d4-3,224,195,351,336
d4-3 (56).jpg,576,768,d4-3,202,135,313,269
d4-3 (57).jpg,576,768,d4-3,185,159,302,286
d4-3 (58).jpg,576,768,d4-3,186,252,348,394
d4-3 (59).jpg,576,768,d4-3,215,278,357,415
d4-3 (6).jpg,576,768,d4-3,249,258,371,391
d4-3 (60).jpg,576,768,d4-3,231,219,375,390
d4-3 (61).jpg,576,768,d4-3,218,183,357,345
d4-3 (62).jpg,576,768,d4-3,284,206,427,361
d4-3 (63).jpg,576,768,d4-3,255,259,400,397
d4-3 (64).jpg,576,768,d4-3,248,176,384,325
d4-3 (66).jpg,576,768,d4-3,223,223,340,357
d4-3 (67).jpg,576,768,d4-3,246,206,357,335
d4-3 (68).jpg,576,768,d4-3,170,214,325,360
d4-3 (69).jpg,576,768,d4-3,219,240,343,372
d4-3 (7).jpg,576,768,d4-3,202,312,342,461
d4-3 (70).jpg,576,768,d4-3,230,235,360,381
d4-3 (71).jpg,576,768,d4-3,201,225,333,359
d4-3 (72).jpg,576,768,d4-3,239,251,363,381
d4-3 (73).jpg,576,768,d4-3,289,231,406,343
d4-3 (74).jpg,576,768,d4-3,253,200,362,318
d4-3 (75).jpg,576,768,d4-3,264,157,370,279
d4-3 (76).jpg,576,768,d4-3,253,81,366,208
d4-3 (77).jpg,576,768,d4-3,231,221,362,369
d4-3 (78).jpg,576,768,d4-3,231,252,365,407
d4-3 (79).jpg,576,768,d4-3,207,238,354,396
d4-3 (8).jpg,576,768,d4-3,202,315,342,465
d4-3 (80).jpg,576,768,d4-3,299,187,431,305
d4-3 (81).jpg,576,768,d4-3,231,252,353,383
d4-3 (82).jpg,576,768,d4-3,223,145,336,281
d4-3 (83).jpg,576,768,d4-3,214,166,331,297
d4-3 (84).jpg,576,768,d4-3,213,158,326,283
d4-3 (85).jpg,576,768,d4-3,210,165,319,294
d4-3 (86).jpg,576,768,d4-3,246,154,370,285
d4-3 (87).jpg,576,768,d4-3,234,148,359,282
d4-3 (88).jpg,576,768,d4-3,245,179,364,311
d4-3 (89).jpg,576,768,d4-3,260,135,392,287
d4-3 (9).jpg,576,768,d4-3,192,286,322,442
d4-3 (90).jpg,576,768,d4-3,234,126,364,278
d4-3 (91).jpg,576,768,d4-3,197,147,340,317
d4-3 (92).jpg,576,768,d4-3,259,162,388,310
d4-3 (93).jpg,576,768,d4-3,193,141,312,290
d4-3 (94).jpg,576,768,d4-3,200,105,331,239
d4-3 (96).jpg,576,768,d4-3,223,146,347,284
d4-3 (97).jpg,576,768,d4-3,196,179,329,327
d4-3 (98).jpg,576,768,d4-3,183,170,316,313
d4-3 (99).jpg,576,768,d4-3,229,225,357,370
d4-4 (1).jpg,576,768,d4-4,177,260,357,418
d4-4 (10).jpg,576,768,d4-4,231,332,354,448
d4-4 (11).jpg,576,768,d4-4,197,349,303,459
d4-4 (12).jpg,576,768,d4-4,145,364,279,494
d4-4 (14).jpg,576,768,d4-4,234,345,355,470
d4-4 (15).jpg,576,768,d4-4,218,329,365,471
d4-4 (16).jpg,576,768,d4-4,200,355,366,513
d4-4 (17).jpg,576,768,d4-4,211,327,354,447
d4-4 (18).jpg,576,768,d4-4,199,364,350,522
d4-4 (19).jpg,576,768,d4-4,193,319,346,452
d4-4 (2).jpg,576,768,d4-4,179,258,352,416
d4-4 (20).jpg,576,768,d4-4,173,335,310,478
d4-4 (21).jpg,576,768,d4-4,197,370,333,500
d4-4 (22).jpg,576,768,d4-4,214,344,353,487
d4-4 (23).jpg,576,768,d4-4,197,348,326,495
d4-4 (24).jpg,576,768,d4-4,220,322,378,459
d4-4 (25).jpg,576,768,d4-4,229,296,366,436
d4-4 (26).jpg,576,768,d4-4,261,315,410,452
d4-4 (27).jpg,576,768,d4-4,179,274,337,439
d4-4 (28).jpg,576,768,d4-4,208,300,375,472
d4-4 (29).jpg,576,768,d4-4,204,315,374,468
d4-4 (3).jpg,576,768,d4-4,244,321,404,487
d4-4 (30).jpg,576,768,d4-4,187,323,347,478
d4-4 (31).jpg,576,768,d4-4,194,329,323,465
d4-4 (32).jpg,576,768,d4-4,223,391,358,526
d4-4 (33).jpg,576,768,d4-4,195,444,336,599
d4-4 (34).jpg,576,768,d4-4,136,476,310,643
d4-4 (35).jpg,576,768,d4-4,201,402,354,536
d4-4 (37).jpg,576,768,d4-4,257,370,379,506
d4-4 (38).jpg,576,768,d4-4,178,375,331,499
d4-4 (39).jpg,576,768,d4-4,153,174,322,337
d4-4 (4).jpg,576,768,d4-4,207,325,364,479
d4-4 (40).jpg,576,768,d4-4,185,254,347,412
d4-4 (41).jpg,576,768,d4-4,147,365,303,525
d4-4 (42).jpg,576,768,d4-4,195,397,347,555
d4-4 (43).jpg,576,768,d4-4,150,294,292,413
d4-4 (44).jpg,576,768,d4-4,223,297,362,410
d4-4 (45).jpg,576,768,d4-4,210,352,321,462
d4-4 (46).jpg,576,768,d4-4,278,381,403,517
d4-4 (47).jpg,576,768,d4-4,292,322,405,436
d4-4 (48).jpg,576,768,d4-4,170,345,320,461
d4-4 (49).jpg,576,768,d4-4,170,249,327,399
d4-4 (5).jpg,576,768,d4-4,241,326,419,508
d4-4 (50).jpg,576,768,d4-4,260,314,376,439
d4-4 (51).jpg,576,768,d4-4,292,280,400,403
d4-4 (52).jpg,576,768,d4-4,265,314,397,440
d4-4 (54).jpg,576,768,d4-4,194,281,303,400
d4-4 (55).jpg,576,768,d4-4,159,318,297,439
d4-4 (56).jpg,576,768,d4-4,192,312,317,433
d4-4 (57).jpg,576,768,d4-4,250,314,368,441
d4-4 (58).jpg,576,768,d4-4,196,280,368,426
d4-4 (59).jpg,576,768,d4-4,223,316,355,450
d4-4 (6).jpg,576,768,d4-4,190,305,342,467
d4-4 (60).jpg,576,768,d4-4,259,323,385,452
d4-4 (61).jpg,576,768,d4-4,209,341,349,478
d4-4 (62).jpg,576,768,d4-4,198,315,324,447
d4-4 (63).jpg,576,768,d4-4,184,333,305,461
d4-4 (64).jpg,576,768,d4-4,290,283,402,405
d4-4 (65).jpg,576,768,d4-4,223,287,373,412
d4-4 (66).jpg,576,768,d4-4,210,316,348,451
d4-4 (67).jpg,576,768,d4-4,222,366,335,483
d4-4 (68).jpg,576,768,d4-4,182,337,328,482
d4-4 (69).jpg,576,768,d4-4,157,297,332,445
d4-4 (7).jpg,576,768,d4-4,209,352,370,509
d4-4 (70).jpg,576,768,d4-4,249,286,402,429
d4-4 (71).jpg,576,768,d4-4,185,361,318,502
d4-4 (72).jpg,576,768,d4-4,190,388,338,531
d4-4 (73).jpg,576,768,d4-4,155,384,304,517
d4-4 (74).jpg,576,768,d4-4,261,342,384,473
d4-4 (75).jpg,576,768,d4-4,205,391,350,513
d4-4 (76).jpg,576,768,d4-4,226,384,366,510
d4-4 (77).jpg,576,768,d4-4,240,448,378,590
d4-4 (78).jpg,576,768,d4-4,175,283,327,430
d4-4 (79).jpg,576,768,d4-4,202,245,368,385
d4-4 (8).jpg,576,768,d4-4,159,333,301,485
d4-4 (80).jpg,576,768,d4-4,255,291,389,414
d4-4 (81).jpg,576,768,d4-4,293,363,420,490
d4-4 (82).jpg,576,768,d4-4,231,339,371,473
d4-4 (83).jpg,576,768,d4-4,189,341,338,482
d4-4 (84).jpg,576,768,d4-4,176,339,321,467
d4-4 (85).jpg,576,768,d4-4,92,304,330,535
d4-4 (86).jpg,576,768,d4-4,262,308,427,453
d4-4 (87).jpg,576,768,d4-4,138,370,285,547
d4-4 (88).jpg,576,768,d4-4,204,337,374,503
d4-4 (89).jpg,576,768,d4-4,198,285,362,445
d4-4 (9).jpg,576,768,d4-4,253,259,393,382
d4-4 (90).jpg,576,768,d4-4,205,346,367,466
d4-4 (91).jpg,576,768,d4-4,250,322,366,450
d4-4 (92).jpg,576,768,d4-4,182,256,319,400
d4-4 (94).jpg,576,768,d4-4,198,365,379,515
d4-4 (95).jpg,576,768,d4-4,186,273,343,458
d4-4 (96).jpg,576,768,d4-4,187,277,329,417
d4-4 (97).jpg,576,768,d4-4,214,318,350,472
d4-4 (98).jpg -1
